format,read_seconds,size_kb
CSV,0.05302095413208008,1830.994140625
Parquet,0.003892660140991211,712.4296875
